date,week_id,event_name_1,event_type_1,event_name_2,event_type_2,snap
2011-03-01,11105,,,,,1
2011-03-02,11105,,,,,1
2011-03-03,11105,,,,,1
2011-03-04,11105,,,,,1
2011-03-05,11106,,,,,1
2011-03-06,11106,,,,,1
2011-03-07,11106,,,,,1
2011-03-08,11106,,,,,1
2011-03-09,11106,LentStart,Religious,,,1
2011-03-10,11106,,,,,1
2011-03-11,11106,,,,,0
2011-03-12,11107,,,,,0
2011-03-13,11107,,,,,0
2011-03-14,11107,,,,,0
2011-03-15,11107,,,,,0
2011-03-16,11107,LentWeek2,Religious,,,0
2011-03-17,11107,StPatricksDay,Cultural,,,0
2011-03-18,11107,,,,,0
2011-03-19,11108,,,,,0
2011-03-20,11108,Purim End,Religious,,,0
2011-03-21,11108,,,,,0
2011-03-22,11108,,,,,0
2011-03-23,11108,,,,,0
2011-03-24,11108,,,,,0
2011-03-25,11108,,,,,0
2011-03-26,11109,,,,,0
2011-03-27,11109,,,,,0
2011-03-28,11109,,,,,0
2011-03-29,11109,,,,,0
2011-03-30,11109,,,,,0
2011-03-31,11109,,,,,0
2011-04-01,11109,,,,,1
2011-04-02,11110,,,,,1
2011-04-03,11110,,,,,1
2011-04-04,11110,,,,,1
2011-04-05,11110,,,,,1
2011-04-06,11110,,,,,1
2011-04-07,11110,,,,,1
2011-04-08,11110,,,,,1
2011-04-09,11111,,,,,1
2011-04-10,11111,,,,,1
2011-04-11,11111,,,,,0
2011-04-12,11111,,,,,0
2011-04-13,11111,,,,,0
2011-04-14,11111,,,,,0
2011-04-15,11111,,,,,0
2011-04-16,11112,,,,,0
2011-04-17,11112,,,,,0
2011-04-18,11112,,,,,0
2011-04-19,11112,,,,,0
2011-04-20,11112,,,,,0
2011-04-21,11112,,,,,0
2011-04-22,11112,,,,,0
2011-04-23,11113,,,,,0
2011-04-24,11113,OrthodoxEaster,Religious,Easter,Cultural,0
2011-04-25,11113,,,,,0
2011-04-26,11113,Pesach End,Religious,,,0
2011-04-27,11113,,,,,0
2011-04-28,11113,,,,,0
2011-04-29,11113,,,,,0
2011-04-30,11114,,,,,0
2011-05-01,11114,,,,,1
2011-05-02,11114,,,,,1
2011-05-03,11114,,,,,1
2011-05-04,11114,,,,,1
2011-05-05,11114,Cinco De Mayo,Cultural,,,1
2011-05-06,11114,,,,,1
2011-05-07,11115,,,,,1
2011-05-08,11115,Mother's day,Cultural,,,1
2011-05-09,11115,,,,,1
2011-05-10,11115,,,,,1
2011-05-11,11115,,,,,0
2011-05-12,11115,,,,,0
2011-05-13,11115,,,,,0
2011-05-14,11116,,,,,0
2011-05-15,11116,,,,,0
2011-05-16,11116,,,,,0
2011-05-17,11116,,,,,0
2011-05-18,11116,,,,,0
2011-05-19,11116,,,,,0
2011-05-20,11116,,,,,0
2011-05-21,11117,,,,,0
2011-05-22,11117,,,,,0
2011-05-23,11117,,,,,0
2011-05-24,11117,,,,,0
2011-05-25,11117,,,,,0
2011-05-26,11117,,,,,0
2011-05-27,11117,,,,,0
2011-05-28,11118,,,,,0
2011-05-29,11118,,,,,0
2011-05-30,11118,MemorialDay,National,,,0
2011-05-31,11118,NBAFinalsStart,Sporting,,,0
2011-06-01,11118,,,,,1
2011-06-02,11118,,,,,1
2011-06-03,11118,,,,,1
2011-06-04,11119,,,,,1
2011-06-05,11119,,,,,1
2011-06-06,11119,,,,,1
2011-06-07,11119,,,,,1
2011-06-08,11119,,,,,1
2011-06-09,11119,,,,,1
2011-06-10,11119,,,,,1
2011-06-11,11120,,,,,0
2011-06-12,11120,NBAFinalsEnd,Sporting,,,0
2011-06-13,11120,,,,,0
2011-06-14,11120,,,,,0
2011-06-15,11120,,,,,0
2011-06-16,11120,,,,,0
2011-06-17,11120,,,,,0
2011-06-18,11121,,,,,0
2011-06-19,11121,Father's day,Cultural,,,0
2011-06-20,11121,,,,,0
2011-06-21,11121,,,,,0
2011-06-22,11121,,,,,0
2011-06-23,11121,,,,,0
2011-06-24,11121,,,,,0
2011-06-25,11122,,,,,0
2011-06-26,11122,,,,,0
2011-06-27,11122,,,,,0
2011-06-28,11122,,,,,0
2011-06-29,11122,,,,,0
2011-06-30,11122,,,,,0
2011-07-01,11122,,,,,1
2011-07-02,11123,,,,,1
2011-07-03,11123,,,,,1
2011-07-04,11123,IndependenceDay,National,,,1
2011-07-05,11123,,,,,1
2011-07-06,11123,,,,,1
2011-07-07,11123,,,,,1
2011-07-08,11123,,,,,1
2011-07-09,11124,,,,,1
2011-07-10,11124,,,,,1
2011-07-11,11124,,,,,0
2011-07-12,11124,,,,,0
2011-07-13,11124,,,,,0
2011-07-14,11124,,,,,0
2011-07-15,11124,,,,,0
2011-07-16,11125,,,,,0
2011-07-17,11125,,,,,0
2011-07-18,11125,,,,,0
2011-07-19,11125,,,,,0
2011-07-20,11125,,,,,0
2011-07-21,11125,,,,,0
2011-07-22,11125,,,,,0
2011-07-23,11126,,,,,0
2011-07-24,11126,,,,,0
2011-07-25,11126,,,,,0
2011-07-26,11126,,,,,0
2011-07-27,11126,,,,,0
2011-07-28,11126,,,,,0
2011-07-29,11126,,,,,0
2011-07-30,11127,,,,,0
2011-07-31,11127,,,,,0
2011-08-01,11127,Ramadan starts,Religious,,,1
2011-08-02,11127,,,,,1
2011-08-03,11127,,,,,1
2011-08-04,11127,,,,,1
2011-08-05,11127,,,,,1
2011-08-06,11128,,,,,1
2011-08-07,11128,,,,,1
2011-08-08,11128,,,,,1
2011-08-09,11128,,,,,1
2011-08-10,11128,,,,,1
2011-08-11,11128,,,,,0
2011-08-12,11128,,,,,0
2011-08-13,11129,,,,,0
2011-08-14,11129,,,,,0
2011-08-15,11129,,,,,0
2011-08-16,11129,,,,,0
2011-08-17,11129,,,,,0
2011-08-18,11129,,,,,0
2011-08-19,11129,,,,,0
2011-08-20,11130,,,,,0
2011-08-21,11130,,,,,0
2011-08-22,11130,,,,,0
2011-08-23,11130,,,,,0
2011-08-24,11130,,,,,0
2011-08-25,11130,,,,,0
2011-08-26,11130,,,,,0
2011-08-27,11131,,,,,0
2011-08-28,11131,,,,,0
2011-08-29,11131,,,,,0
2011-08-30,11131,,,,,0
2011-08-31,11131,Eid al-Fitr,Religious,,,0
2011-09-01,11131,,,,,1
2011-09-02,11131,,,,,1
2011-09-03,11132,,,,,1
2011-09-04,11132,,,,,1
2011-09-05,11132,LaborDay,National,,,1
2011-09-06,11132,,,,,1
2011-09-07,11132,,,,,1
2011-09-08,11132,,,,,1
2011-09-09,11132,,,,,1
2011-09-10,11133,,,,,1
2011-09-11,11133,,,,,0
2011-09-12,11133,,,,,0
2011-09-13,11133,,,,,0
2011-09-14,11133,,,,,0
2011-09-15,11133,,,,,0
2011-09-16,11133,,,,,0
2011-09-17,11134,,,,,0
2011-09-18,11134,,,,,0
2011-09-19,11134,,,,,0
2011-09-20,11134,,,,,0
2011-09-21,11134,,,,,0
2011-09-22,11134,,,,,0
2011-09-23,11134,,,,,0
2011-09-24,11135,,,,,0
2011-09-25,11135,,,,,0
2011-09-26,11135,,,,,0
2011-09-27,11135,,,,,0
2011-09-28,11135,,,,,0
2011-09-29,11135,,,,,0
2011-09-30,11135,,,,,0
2011-10-01,11136,,,,,1
2011-10-02,11136,,,,,1
2011-10-03,11136,,,,,1
2011-10-04,11136,,,,,1
2011-10-05,11136,,,,,1
2011-10-06,11136,,,,,1
2011-10-07,11136,,,,,1
2011-10-08,11137,,,,,1
2011-10-09,11137,,,,,1
2011-10-10,11137,ColumbusDay,National,,,1
2011-10-11,11137,,,,,0
2011-10-12,11137,,,,,0
2011-10-13,11137,,,,,0
2011-10-14,11137,,,,,0
2011-10-15,11138,,,,,0
2011-10-16,11138,,,,,0
2011-10-17,11138,,,,,0
2011-10-18,11138,,,,,0
2011-10-19,11138,,,,,0
2011-10-20,11138,,,,,0
2011-10-21,11138,,,,,0
2011-10-22,11139,,,,,0
2011-10-23,11139,,,,,0
2011-10-24,11139,,,,,0
2011-10-25,11139,,,,,0
2011-10-26,11139,,,,,0
2011-10-27,11139,,,,,0
2011-10-28,11139,,,,,0
2011-10-29,11140,,,,,0
2011-10-30,11140,,,,,0
2011-10-31,11140,Halloween,Cultural,,,0
2011-11-01,11140,,,,,1
2011-11-02,11140,,,,,1
2011-11-03,11140,,,,,1
2011-11-04,11140,,,,,1
2011-11-05,11141,,,,,1
2011-11-06,11141,,,,,1
2011-11-07,11141,EidAlAdha,Religious,,,1
2011-11-08,11141,,,,,1
2011-11-09,11141,,,,,1
2011-11-10,11141,,,,,1
2011-11-11,11141,VeteransDay,National,,,0
2011-11-12,11142,,,,,0
2011-11-13,11142,,,,,0
2011-11-14,11142,,,,,0
2011-11-15,11142,,,,,0
2011-11-16,11142,,,,,0
2011-11-17,11142,,,,,0
2011-11-18,11142,,,,,0
2011-11-19,11143,,,,,0
2011-11-20,11143,,,,,0
2011-11-21,11143,,,,,0
2011-11-22,11143,,,,,0
2011-11-23,11143,,,,,0
2011-11-24,11143,Thanksgiving,National,,,0
2011-11-25,11143,,,,,0
2011-11-26,11144,,,,,0
2011-11-27,11144,,,,,0
2011-11-28,11144,,,,,0
2011-11-29,11144,,,,,0
2011-11-30,11144,,,,,0
2011-12-01,11144,,,,,1
2011-12-02,11144,,,,,1
2011-12-03,11145,,,,,1
2011-12-04,11145,,,,,1
2011-12-05,11145,,,,,1
2011-12-06,11145,,,,,1
2011-12-07,11145,,,,,1
2011-12-08,11145,,,,,1
2011-12-09,11145,,,,,1
2011-12-10,11146,,,,,1
2011-12-11,11146,,,,,0
2011-12-12,11146,,,,,0
2011-12-13,11146,,,,,0
2011-12-14,11146,,,,,0
2011-12-15,11146,,,,,0
2011-12-16,11146,,,,,0
2011-12-17,11147,,,,,0
2011-12-18,11147,,,,,0
2011-12-19,11147,,,,,0
2011-12-20,11147,,,,,0
2011-12-21,11147,,,,,0
2011-12-22,11147,,,,,0
2011-12-23,11147,,,,,0
2011-12-24,11148,,,,,0
2011-12-25,11148,Christmas,National,,,0
2011-12-26,11148,,,,,0
2011-12-27,11148,,,,,0
2011-12-28,11148,Chanukah End,Religious,,,0
2011-12-29,11148,,,,,0
2011-12-30,11148,,,,,0
2011-12-31,11149,,,,,0
2012-01-01,11149,NewYear,National,,,1
2012-01-02,11149,,,,,1
2012-01-03,11149,,,,,1
2012-01-04,11149,,,,,1
2012-01-05,11149,,,,,1
2012-01-06,11149,,,,,1
2012-01-07,11150,OrthodoxChristmas,Religious,,,1
2012-01-08,11150,,,,,1
2012-01-09,11150,,,,,1
2012-01-10,11150,,,,,1
2012-01-11,11150,,,,,0
2012-01-12,11150,,,,,0
2012-01-13,11150,,,,,0
2012-01-14,11151,,,,,0
2012-01-15,11151,,,,,0
2012-01-16,11151,MartinLutherKingDay,National,,,0
2012-01-17,11151,,,,,0
2012-01-18,11151,,,,,0
2012-01-19,11151,,,,,0
2012-01-20,11151,,,,,0
2012-01-21,11152,,,,,0
2012-01-22,11152,,,,,0
2012-01-23,11152,,,,,0
2012-01-24,11152,,,,,0
2012-01-25,11152,,,,,0
2012-01-26,11152,,,,,0
2012-01-27,11152,,,,,0
2012-01-28,11201,,,,,0
2012-01-29,11201,,,,,0
2012-01-30,11201,,,,,0
2012-01-31,11201,,,,,0
2012-02-01,11201,,,,,1
2012-02-02,11201,,,,,1
2012-02-03,11201,,,,,1
2012-02-04,11202,,,,,1
2012-02-05,11202,SuperBowl,Sporting,,,1
2012-02-06,11202,,,,,1
2012-02-07,11202,,,,,1
2012-02-08,11202,,,,,1
2012-02-09,11202,,,,,1
2012-02-10,11202,,,,,1
2012-02-11,11203,,,,,0
2012-02-12,11203,,,,,0
2012-02-13,11203,,,,,0
2012-02-14,11203,ValentinesDay,Cultural,,,0
2012-02-15,11203,,,,,0
2012-02-16,11203,,,,,0
2012-02-17,11203,,,,,0
2012-02-18,11204,,,,,0
2012-02-19,11204,,,,,0
2012-02-20,11204,PresidentsDay,National,,,0
2012-02-21,11204,,,,,0
2012-02-22,11204,LentStart,Religious,,,0
2012-02-23,11204,,,,,0
2012-02-24,11204,,,,,0
2012-02-25,11205,,,,,0
2012-02-26,11205,,,,,0
2012-02-27,11205,,,,,0
2012-02-28,11205,,,,,0
2012-02-29,11205,LentWeek2,Religious,,,0
2012-03-01,11205,,,,,1
2012-03-02,11205,,,,,1
2012-03-03,11206,,,,,1
2012-03-04,11206,,,,,1
2012-03-05,11206,,,,,1
2012-03-06,11206,,,,,1
2012-03-07,11206,,,,,1
2012-03-08,11206,Purim End,Religious,,,1
2012-03-09,11206,,,,,1
2012-03-10,11207,,,,,1
2012-03-11,11207,,,,,0
2012-03-12,11207,,,,,0
2012-03-13,11207,,,,,0
2012-03-14,11207,,,,,0
2012-03-15,11207,,,,,0
2012-03-16,11207,,,,,0
2012-03-17,11208,StPatricksDay,Cultural,,,0
2012-03-18,11208,,,,,0
2012-03-19,11208,,,,,0
2012-03-20,11208,,,,,0
2012-03-21,11208,,,,,0
2012-03-22,11208,,,,,0
2012-03-23,11208,,,,,0
2012-03-24,11209,,,,,0
2012-03-25,11209,,,,,0
2012-03-26,11209,,,,,0
2012-03-27,11209,,,,,0
2012-03-28,11209,,,,,0
2012-03-29,11209,,,,,0
2012-03-30,11209,,,,,0
2012-03-31,11210,,,,,0
2012-04-01,11210,,,,,1
2012-04-02,11210,,,,,1
2012-04-03,11210,,,,,1
2012-04-04,11210,,,,,1
2012-04-05,11210,,,,,1
2012-04-06,11210,,,,,1
2012-04-07,11211,,,,,1
2012-04-08,11211,Easter,Cultural,,,1
2012-04-09,11211,,,,,1
2012-04-10,11211,,,,,1
2012-04-11,11211,,,,,0
2012-04-12,11211,,,,,0
2012-04-13,11211,,,,,0
2012-04-14,11212,Pesach End,Religious,,,0
2012-04-15,11212,OrthodoxEaster,Religious,,,0
2012-04-16,11212,,,,,0
2012-04-17,11212,,,,,0
2012-04-18,11212,,,,,0
2012-04-19,11212,,,,,0
2012-04-20,11212,,,,,0
2012-04-21,11213,,,,,0
2012-04-22,11213,,,,,0
2012-04-23,11213,,,,,0
2012-04-24,11213,,,,,0
2012-04-25,11213,,,,,0
2012-04-26,11213,,,,,0
2012-04-27,11213,,,,,0
2012-04-28,11214,,,,,0
2012-04-29,11214,,,,,0
2012-04-30,11214,,,,,0
2012-05-01,11214,,,,,1
2012-05-02,11214,,,,,1
2012-05-03,11214,,,,,1
2012-05-04,11214,,,,,1
2012-05-05,11215,Cinco De Mayo,Cultural,,,1
2012-05-06,11215,,,,,1
2012-05-07,11215,,,,,1
2012-05-08,11215,,,,,1
2012-05-09,11215,,,,,1
2012-05-10,11215,,,,,1
2012-05-11,11215,,,,,0
2012-05-12,11216,,,,,0
2012-05-13,11216,Mother's day,Cultural,,,0
2012-05-14,11216,,,,,0
2012-05-15,11216,,,,,0
2012-05-16,11216,,,,,0
2012-05-17,11216,,,,,0
2012-05-18,11216,,,,,0
2012-05-19,11217,,,,,0
2012-05-20,11217,,,,,0
2012-05-21,11217,,,,,0
2012-05-22,11217,,,,,0
2012-05-23,11217,,,,,0
2012-05-24,11217,,,,,0
2012-05-25,11217,,,,,0
2012-05-26,11218,,,,,0
2012-05-27,11218,,,,,0
2012-05-28,11218,MemorialDay,National,,,0
2012-05-29,11218,,,,,0
2012-05-30,11218,,,,,0
2012-05-31,11218,,,,,0
2012-06-01,11218,,,,,1
2012-06-02,11219,,,,,1
2012-06-03,11219,,,,,1
2012-06-04,11219,,,,,1
2012-06-05,11219,,,,,1
2012-06-06,11219,,,,,1
2012-06-07,11219,,,,,1
2012-06-08,11219,,,,,1
2012-06-09,11220,,,,,1
2012-06-10,11220,,,,,1
2012-06-11,11220,,,,,0
2012-06-12,11220,NBAFinalsStart,Sporting,,,0
2012-06-13,11220,,,,,0
2012-06-14,11220,,,,,0
2012-06-15,11220,,,,,0
2012-06-16,11221,,,,,0
2012-06-17,11221,Father's day,Cultural,,,0
2012-06-18,11221,,,,,0
2012-06-19,11221,,,,,0
2012-06-20,11221,,,,,0
2012-06-21,11221,NBAFinalsEnd,Sporting,,,0
2012-06-22,11221,,,,,0
2012-06-23,11222,,,,,0
2012-06-24,11222,,,,,0
2012-06-25,11222,,,,,0
2012-06-26,11222,,,,,0
2012-06-27,11222,,,,,0
2012-06-28,11222,,,,,0
2012-06-29,11222,,,,,0
2012-06-30,11223,,,,,0
2012-07-01,11223,,,,,1
2012-07-02,11223,,,,,1
2012-07-03,11223,,,,,1
2012-07-04,11223,IndependenceDay,National,,,1
2012-07-05,11223,,,,,1
2012-07-06,11223,,,,,1
2012-07-07,11224,,,,,1
2012-07-08,11224,,,,,1
2012-07-09,11224,,,,,1
2012-07-10,11224,,,,,1
2012-07-11,11224,,,,,0
2012-07-12,11224,,,,,0
2012-07-13,11224,,,,,0
2012-07-14,11225,,,,,0
2012-07-15,11225,,,,,0
2012-07-16,11225,,,,,0
2012-07-17,11225,,,,,0
2012-07-18,11225,,,,,0
2012-07-19,11225,,,,,0
2012-07-20,11225,Ramadan starts,Religious,,,0
2012-07-21,11226,,,,,0
2012-07-22,11226,,,,,0
2012-07-23,11226,,,,,0
2012-07-24,11226,,,,,0
2012-07-25,11226,,,,,0
2012-07-26,11226,,,,,0
2012-07-27,11226,,,,,0
2012-07-28,11227,,,,,0
2012-07-29,11227,,,,,0
2012-07-30,11227,,,,,0
2012-07-31,11227,,,,,0
2012-08-01,11227,,,,,1
2012-08-02,11227,,,,,1
2012-08-03,11227,,,,,1
2012-08-04,11228,,,,,1
2012-08-05,11228,,,,,1
2012-08-06,11228,,,,,1
2012-08-07,11228,,,,,1
2012-08-08,11228,,,,,1
2012-08-09,11228,,,,,1
2012-08-10,11228,,,,,1
2012-08-11,11229,,,,,0
2012-08-12,11229,,,,,0
2012-08-13,11229,,,,,0
2012-08-14,11229,,,,,0
2012-08-15,11229,,,,,0
2012-08-16,11229,,,,,0
2012-08-17,11229,,,,,0
2012-08-18,11230,,,,,0
2012-08-19,11230,Eid al-Fitr,Religious,,,0
2012-08-20,11230,,,,,0
2012-08-21,11230,,,,,0
2012-08-22,11230,,,,,0
2012-08-23,11230,,,,,0
2012-08-24,11230,,,,,0
2012-08-25,11231,,,,,0
2012-08-26,11231,,,,,0
2012-08-27,11231,,,,,0
2012-08-28,11231,,,,,0
2012-08-29,11231,,,,,0
2012-08-30,11231,,,,,0
2012-08-31,11231,,,,,0
2012-09-01,11232,,,,,1
2012-09-02,11232,,,,,1
2012-09-03,11232,LaborDay,National,,,1
2012-09-04,11232,,,,,1
2012-09-05,11232,,,,,1
2012-09-06,11232,,,,,1
2012-09-07,11232,,,,,1
2012-09-08,11233,,,,,1
2012-09-09,11233,,,,,1
2012-09-10,11233,,,,,1
2012-09-11,11233,,,,,0
2012-09-12,11233,,,,,0
2012-09-13,11233,,,,,0
2012-09-14,11233,,,,,0
2012-09-15,11234,,,,,0
2012-09-16,11234,,,,,0
2012-09-17,11234,,,,,0
2012-09-18,11234,,,,,0
2012-09-19,11234,,,,,0
2012-09-20,11234,,,,,0
2012-09-21,11234,,,,,0
2012-09-22,11235,,,,,0
2012-09-23,11235,,,,,0
2012-09-24,11235,,,,,0
2012-09-25,11235,,,,,0
2012-09-26,11235,,,,,0
2012-09-27,11235,,,,,0
2012-09-28,11235,,,,,0
2012-09-29,11236,,,,,0
2012-09-30,11236,,,,,0
2012-10-01,11236,,,,,1
2012-10-02,11236,,,,,1
2012-10-03,11236,,,,,1
2012-10-04,11236,,,,,1
2012-10-05,11236,,,,,1
2012-10-06,11237,,,,,1
2012-10-07,11237,,,,,1
2012-10-08,11237,ColumbusDay,National,,,1
2012-10-09,11237,,,,,1
2012-10-10,11237,,,,,1
2012-10-11,11237,,,,,0
2012-10-12,11237,,,,,0
2012-10-13,11238,,,,,0
2012-10-14,11238,,,,,0
2012-10-15,11238,,,,,0
2012-10-16,11238,,,,,0
2012-10-17,11238,,,,,0
2012-10-18,11238,,,,,0
2012-10-19,11238,,,,,0
2012-10-20,11239,,,,,0
2012-10-21,11239,,,,,0
2012-10-22,11239,,,,,0
2012-10-23,11239,,,,,0
2012-10-24,11239,,,,,0
2012-10-25,11239,,,,,0
2012-10-26,11239,EidAlAdha,Religious,,,0
2012-10-27,11240,,,,,0
2012-10-28,11240,,,,,0
2012-10-29,11240,,,,,0
2012-10-30,11240,,,,,0
2012-10-31,11240,Halloween,Cultural,,,0
2012-11-01,11240,,,,,1
2012-11-02,11240,,,,,1
2012-11-03,11241,,,,,1
2012-11-04,11241,,,,,1
2012-11-05,11241,,,,,1
2012-11-06,11241,,,,,1
2012-11-07,11241,,,,,1
2012-11-08,11241,,,,,1
2012-11-09,11241,,,,,1
2012-11-10,11242,,,,,1
2012-11-11,11242,VeteransDay,National,,,0
2012-11-12,11242,,,,,0
2012-11-13,11242,,,,,0
2012-11-14,11242,,,,,0
2012-11-15,11242,,,,,0
2012-11-16,11242,,,,,0
2012-11-17,11243,,,,,0
2012-11-18,11243,,,,,0
2012-11-19,11243,,,,,0
2012-11-20,11243,,,,,0
2012-11-21,11243,,,,,0
2012-11-22,11243,Thanksgiving,National,,,0
2012-11-23,11243,,,,,0
2012-11-24,11244,,,,,0
2012-11-25,11244,,,,,0
2012-11-26,11244,,,,,0
2012-11-27,11244,,,,,0
2012-11-28,11244,,,,,0
2012-11-29,11244,,,,,0
2012-11-30,11244,,,,,0
2012-12-01,11245,,,,,1
2012-12-02,11245,,,,,1
2012-12-03,11245,,,,,1
2012-12-04,11245,,,,,1
2012-12-05,11245,,,,,1
2012-12-06,11245,,,,,1
2012-12-07,11245,,,,,1
2012-12-08,11246,,,,,1
2012-12-09,11246,,,,,1
2012-12-10,11246,,,,,1
2012-12-11,11246,,,,,0
2012-12-12,11246,,,,,0
2012-12-13,11246,,,,,0
2012-12-14,11246,,,,,0
2012-12-15,11247,,,,,0
2012-12-16,11247,Chanukah End,Religious,,,0
2012-12-17,11247,,,,,0
2012-12-18,11247,,,,,0
2012-12-19,11247,,,,,0
2012-12-20,11247,,,,,0
2012-12-21,11247,,,,,0
2012-12-22,11248,,,,,0
2012-12-23,11248,,,,,0
2012-12-24,11248,,,,,0
2012-12-25,11248,Christmas,National,,,0
2012-12-26,11248,,,,,0
2012-12-27,11248,,,,,0
2012-12-28,11248,,,,,0
2012-12-29,11249,,,,,0
2012-12-30,11249,,,,,0
2012-12-31,11249,,,,,0
2013-01-01,11249,NewYear,National,,,1
2013-01-02,11249,,,,,1
2013-01-03,11249,,,,,1
2013-01-04,11249,,,,,1
2013-01-05,11250,,,,,1
2013-01-06,11250,,,,,1
2013-01-07,11250,OrthodoxChristmas,Religious,,,1
2013-01-08,11250,,,,,1
2013-01-09,11250,,,,,1
2013-01-10,11250,,,,,1
2013-01-11,11250,,,,,0
2013-01-12,11251,,,,,0
2013-01-13,11251,,,,,0
2013-01-14,11251,,,,,0
2013-01-15,11251,,,,,0
2013-01-16,11251,,,,,0
2013-01-17,11251,,,,,0
2013-01-18,11251,,,,,0
2013-01-19,11252,,,,,0
2013-01-20,11252,,,,,0
2013-01-21,11252,MartinLutherKingDay,National,,,0
2013-01-22,11252,,,,,0
2013-01-23,11252,,,,,0
2013-01-24,11252,,,,,0
2013-01-25,11252,,,,,0
2013-01-26,11301,,,,,0
2013-01-27,11301,,,,,0
2013-01-28,11301,,,,,0
2013-01-29,11301,,,,,0
2013-01-30,11301,,,,,0
2013-01-31,11301,,,,,0
2013-02-01,11301,,,,,1
2013-02-02,11302,,,,,1
2013-02-03,11302,SuperBowl,Sporting,,,1
2013-02-04,11302,,,,,1
2013-02-05,11302,,,,,1
2013-02-06,11302,,,,,1
2013-02-07,11302,,,,,1
2013-02-08,11302,,,,,1
2013-02-09,11303,,,,,1
2013-02-10,11303,,,,,1
2013-02-11,11303,,,,,0
2013-02-12,11303,,,,,0
2013-02-13,11303,LentStart,Religious,,,0
2013-02-14,11303,ValentinesDay,Cultural,,,0
2013-02-15,11303,,,,,0
2013-02-16,11304,,,,,0
2013-02-17,11304,,,,,0
2013-02-18,11304,PresidentsDay,National,,,0
2013-02-19,11304,,,,,0
2013-02-20,11304,LentWeek2,Religious,,,0
2013-02-21,11304,,,,,0
2013-02-22,11304,,,,,0
2013-02-23,11305,,,,,0
2013-02-24,11305,Purim End,Religious,,,0
2013-02-25,11305,,,,,0
2013-02-26,11305,,,,,0
2013-02-27,11305,,,,,0
2013-02-28,11305,,,,,0
2013-03-01,11305,,,,,1
2013-03-02,11306,,,,,1
2013-03-03,11306,,,,,1
2013-03-04,11306,,,,,1
2013-03-05,11306,,,,,1
2013-03-06,11306,,,,,1
2013-03-07,11306,,,,,1
2013-03-08,11306,,,,,1
2013-03-09,11307,,,,,1
2013-03-10,11307,,,,,1
2013-03-11,11307,,,,,0
2013-03-12,11307,,,,,0
2013-03-13,11307,,,,,0
2013-03-14,11307,,,,,0
2013-03-15,11307,,,,,0
2013-03-16,11308,,,,,0
2013-03-17,11308,StPatricksDay,Cultural,,,0
2013-03-18,11308,,,,,0
2013-03-19,11308,,,,,0
2013-03-20,11308,,,,,0
2013-03-21,11308,,,,,0
2013-03-22,11308,,,,,0
2013-03-23,11309,,,,,0
2013-03-24,11309,,,,,0
2013-03-25,11309,,,,,0
2013-03-26,11309,,,,,0
2013-03-27,11309,,,,,0
2013-03-28,11309,,,,,0
2013-03-29,11309,,,,,0
2013-03-30,11310,,,,,0
2013-03-31,11310,Easter,Cultural,,,0
2013-04-01,11310,,,,,1
2013-04-02,11310,Pesach End,Religious,,,1
2013-04-03,11310,,,,,1
2013-04-04,11310,,,,,1
2013-04-05,11310,,,,,1
2013-04-06,11311,,,,,1
2013-04-07,11311,,,,,1
2013-04-08,11311,,,,,1
2013-04-09,11311,,,,,1
2013-04-10,11311,,,,,1
2013-04-11,11311,,,,,0
2013-04-12,11311,,,,,0
2013-04-13,11312,,,,,0
2013-04-14,11312,,,,,0
2013-04-15,11312,,,,,0
2013-04-16,11312,,,,,0
2013-04-17,11312,,,,,0
2013-04-18,11312,,,,,0
2013-04-19,11312,,,,,0
2013-04-20,11313,,,,,0
2013-04-21,11313,,,,,0
2013-04-22,11313,,,,,0
2013-04-23,11313,,,,,0
2013-04-24,11313,,,,,0
2013-04-25,11313,,,,,0
2013-04-26,11313,,,,,0
2013-04-27,11314,,,,,0
2013-04-28,11314,,,,,0
2013-04-29,11314,,,,,0
2013-04-30,11314,,,,,0
2013-05-01,11314,,,,,1
2013-05-02,11314,,,,,1
2013-05-03,11314,,,,,1
2013-05-04,11315,,,,,1
2013-05-05,11315,OrthodoxEaster,Religious,Cinco De Mayo,Cultural,1
2013-05-06,11315,,,,,1
2013-05-07,11315,,,,,1
2013-05-08,11315,,,,,1
2013-05-09,11315,,,,,1
2013-05-10,11315,,,,,1
2013-05-11,11316,,,,,0
2013-05-12,11316,Mother's day,Cultural,,,0
2013-05-13,11316,,,,,0
2013-05-14,11316,,,,,0
2013-05-15,11316,,,,,0
2013-05-16,11316,,,,,0
2013-05-17,11316,,,,,0
2013-05-18,11317,,,,,0
2013-05-19,11317,,,,,0
2013-05-20,11317,,,,,0
2013-05-21,11317,,,,,0
2013-05-22,11317,,,,,0
2013-05-23,11317,,,,,0
2013-05-24,11317,,,,,0
2013-05-25,11318,,,,,0
2013-05-26,11318,,,,,0
2013-05-27,11318,MemorialDay,National,,,0
2013-05-28,11318,,,,,0
2013-05-29,11318,,,,,0
2013-05-30,11318,,,,,0
2013-05-31,11318,,,,,0
2013-06-01,11319,,,,,1
2013-06-02,11319,,,,,1
2013-06-03,11319,,,,,1
2013-06-04,11319,,,,,1
2013-06-05,11319,,,,,1
2013-06-06,11319,NBAFinalsStart,Sporting,,,1
2013-06-07,11319,,,,,1
2013-06-08,11320,,,,,1
2013-06-09,11320,,,,,1
2013-06-10,11320,,,,,1
2013-06-11,11320,,,,,0
2013-06-12,11320,,,,,0
2013-06-13,11320,,,,,0
2013-06-14,11320,,,,,0
2013-06-15,11321,,,,,0
2013-06-16,11321,Father's day,Cultural,,,0
2013-06-17,11321,,,,,0
2013-06-18,11321,,,,,0
2013-06-19,11321,,,,,0
2013-06-20,11321,NBAFinalsEnd,Sporting,,,0
2013-06-21,11321,,,,,0
2013-06-22,11322,,,,,0
2013-06-23,11322,,,,,0
2013-06-24,11322,,,,,0
2013-06-25,11322,,,,,0
2013-06-26,11322,,,,,0
2013-06-27,11322,,,,,0
2013-06-28,11322,,,,,0
2013-06-29,11323,,,,,0
2013-06-30,11323,,,,,0
2013-07-01,11323,,,,,1
2013-07-02,11323,,,,,1
2013-07-03,11323,,,,,1
2013-07-04,11323,IndependenceDay,National,,,1
2013-07-05,11323,,,,,1
2013-07-06,11324,,,,,1
2013-07-07,11324,,,,,1
2013-07-08,11324,,,,,1
2013-07-09,11324,Ramadan starts,Religious,,,1
2013-07-10,11324,,,,,1
2013-07-11,11324,,,,,0
2013-07-12,11324,,,,,0
2013-07-13,11325,,,,,0
2013-07-14,11325,,,,,0
2013-07-15,11325,,,,,0
2013-07-16,11325,,,,,0
2013-07-17,11325,,,,,0
2013-07-18,11325,,,,,0
2013-07-19,11325,,,,,0
2013-07-20,11326,,,,,0
2013-07-21,11326,,,,,0
2013-07-22,11326,,,,,0
2013-07-23,11326,,,,,0
2013-07-24,11326,,,,,0
2013-07-25,11326,,,,,0
2013-07-26,11326,,,,,0
2013-07-27,11327,,,,,0
2013-07-28,11327,,,,,0
2013-07-29,11327,,,,,0
2013-07-30,11327,,,,,0
2013-07-31,11327,,,,,0
2013-08-01,11327,,,,,1
2013-08-02,11327,,,,,1
2013-08-03,11328,,,,,1
2013-08-04,11328,,,,,1
2013-08-05,11328,,,,,1
2013-08-06,11328,,,,,1
2013-08-07,11328,,,,,1
2013-08-08,11328,Eid al-Fitr,Religious,,,1
2013-08-09,11328,,,,,1
2013-08-10,11329,,,,,1
2013-08-11,11329,,,,,0
2013-08-12,11329,,,,,0
2013-08-13,11329,,,,,0
2013-08-14,11329,,,,,0
2013-08-15,11329,,,,,0
2013-08-16,11329,,,,,0
2013-08-17,11330,,,,,0
2013-08-18,11330,,,,,0
2013-08-19,11330,,,,,0
2013-08-20,11330,,,,,0
2013-08-21,11330,,,,,0
2013-08-22,11330,,,,,0
2013-08-23,11330,,,,,0
2013-08-24,11331,,,,,0
2013-08-25,11331,,,,,0
2013-08-26,11331,,,,,0
2013-08-27,11331,,,,,0
2013-08-28,11331,,,,,0
2013-08-29,11331,,,,,0
2013-08-30,11331,,,,,0
2013-08-31,11332,,,,,0
2013-09-01,11332,,,,,1
2013-09-02,11332,LaborDay,National,,,1
2013-09-03,11332,,,,,1
2013-09-04,11332,,,,,1
2013-09-05,11332,,,,,1
2013-09-06,11332,,,,,1
2013-09-07,11333,,,,,1
2013-09-08,11333,,,,,1
2013-09-09,11333,,,,,1
2013-09-10,11333,,,,,1
2013-09-11,11333,,,,,0
2013-09-12,11333,,,,,0
2013-09-13,11333,,,,,0
2013-09-14,11334,,,,,0
2013-09-15,11334,,,,,0
2013-09-16,11334,,,,,0
2013-09-17,11334,,,,,0
2013-09-18,11334,,,,,0
2013-09-19,11334,,,,,0
2013-09-20,11334,,,,,0
2013-09-21,11335,,,,,0
2013-09-22,11335,,,,,0
2013-09-23,11335,,,,,0
2013-09-24,11335,,,,,0
2013-09-25,11335,,,,,0
2013-09-26,11335,,,,,0
2013-09-27,11335,,,,,0
2013-09-28,11336,,,,,0
2013-09-29,11336,,,,,0
2013-09-30,11336,,,,,0
2013-10-01,11336,,,,,1
2013-10-02,11336,,,,,1
2013-10-03,11336,,,,,1
2013-10-04,11336,,,,,1
2013-10-05,11337,,,,,1
2013-10-06,11337,,,,,1
2013-10-07,11337,,,,,1
2013-10-08,11337,,,,,1
2013-10-09,11337,,,,,1
2013-10-10,11337,,,,,1
2013-10-11,11337,,,,,0
2013-10-12,11338,,,,,0
2013-10-13,11338,,,,,0
2013-10-14,11338,ColumbusDay,National,,,0
2013-10-15,11338,EidAlAdha,Religious,,,0
2013-10-16,11338,,,,,0
2013-10-17,11338,,,,,0
2013-10-18,11338,,,,,0
2013-10-19,11339,,,,,0
2013-10-20,11339,,,,,0
2013-10-21,11339,,,,,0
2013-10-22,11339,,,,,0
2013-10-23,11339,,,,,0
2013-10-24,11339,,,,,0
2013-10-25,11339,,,,,0
2013-10-26,11340,,,,,0
2013-10-27,11340,,,,,0
2013-10-28,11340,,,,,0
2013-10-29,11340,,,,,0
2013-10-30,11340,,,,,0
2013-10-31,11340,Halloween,Cultural,,,0
2013-11-01,11340,,,,,1
2013-11-02,11341,,,,,1
2013-11-03,11341,,,,,1
2013-11-04,11341,,,,,1
2013-11-05,11341,,,,,1
2013-11-06,11341,,,,,1
2013-11-07,11341,,,,,1
2013-11-08,11341,,,,,1
2013-11-09,11342,,,,,1
2013-11-10,11342,,,,,1
2013-11-11,11342,VeteransDay,National,,,0
2013-11-12,11342,,,,,0
2013-11-13,11342,,,,,0
2013-11-14,11342,,,,,0
2013-11-15,11342,,,,,0
2013-11-16,11343,,,,,0
2013-11-17,11343,,,,,0
2013-11-18,11343,,,,,0
2013-11-19,11343,,,,,0
2013-11-20,11343,,,,,0
2013-11-21,11343,,,,,0
2013-11-22,11343,,,,,0
2013-11-23,11344,,,,,0
2013-11-24,11344,,,,,0
2013-11-25,11344,,,,,0
2013-11-26,11344,,,,,0
2013-11-27,11344,,,,,0
2013-11-28,11344,Thanksgiving,National,,,0
2013-11-29,11344,,,,,0
2013-11-30,11345,,,,,0
2013-12-01,11345,,,,,1
2013-12-02,11345,,,,,1
2013-12-03,11345,,,,,1
2013-12-04,11345,,,,,1
2013-12-05,11345,Chanukah End,Religious,,,1
2013-12-06,11345,,,,,1
2013-12-07,11346,,,,,1
2013-12-08,11346,,,,,1
2013-12-09,11346,,,,,1
2013-12-10,11346,,,,,1
2013-12-11,11346,,,,,0
2013-12-12,11346,,,,,0
2013-12-13,11346,,,,,0
2013-12-14,11347,,,,,0
2013-12-15,11347,,,,,0
2013-12-16,11347,,,,,0
2013-12-17,11347,,,,,0
2013-12-18,11347,,,,,0
2013-12-19,11347,,,,,0
2013-12-20,11347,,,,,0
2013-12-21,11348,,,,,0
2013-12-22,11348,,,,,0
2013-12-23,11348,,,,,0
2013-12-24,11348,,,,,0
2013-12-25,11348,Christmas,National,,,0
2013-12-26,11348,,,,,0
2013-12-27,11348,,,,,0
2013-12-28,11349,,,,,0
2013-12-29,11349,,,,,0
2013-12-30,11349,,,,,0
2013-12-31,11349,,,,,0
2014-01-01,11349,NewYear,National,,,1
2014-01-02,11349,,,,,1
2014-01-03,11349,,,,,1
2014-01-04,11350,,,,,1
2014-01-05,11350,,,,,1
2014-01-06,11350,,,,,1
2014-01-07,11350,OrthodoxChristmas,Religious,,,1
2014-01-08,11350,,,,,1
2014-01-09,11350,,,,,1
2014-01-10,11350,,,,,1
2014-01-11,11351,,,,,0
2014-01-12,11351,,,,,0
2014-01-13,11351,,,,,0
2014-01-14,11351,,,,,0
2014-01-15,11351,,,,,0
2014-01-16,11351,,,,,0
2014-01-17,11351,,,,,0
2014-01-18,11352,,,,,0
2014-01-19,11352,,,,,0
2014-01-20,11352,MartinLutherKingDay,National,,,0
2014-01-21,11352,,,,,0
2014-01-22,11352,,,,,0
2014-01-23,11352,,,,,0
2014-01-24,11352,,,,,0
2014-01-25,11353,,,,,0
2014-01-26,11353,,,,,0
2014-01-27,11353,,,,,0
2014-01-28,11353,,,,,0
2014-01-29,11353,,,,,0
2014-01-30,11353,,,,,0
2014-01-31,11353,,,,,0
2014-02-01,11401,,,,,1
2014-02-02,11401,SuperBowl,Sporting,,,1
2014-02-03,11401,,,,,1
2014-02-04,11401,,,,,1
2014-02-05,11401,,,,,1
2014-02-06,11401,,,,,1
2014-02-07,11401,,,,,1
2014-02-08,11402,,,,,1
2014-02-09,11402,,,,,1
2014-02-10,11402,,,,,1
2014-02-11,11402,,,,,0
2014-02-12,11402,,,,,0
2014-02-13,11402,,,,,0
2014-02-14,11402,ValentinesDay,Cultural,,,0
2014-02-15,11403,,,,,0
2014-02-16,11403,,,,,0
2014-02-17,11403,PresidentsDay,National,,,0
2014-02-18,11403,,,,,0
2014-02-19,11403,,,,,0
2014-02-20,11403,,,,,0
2014-02-21,11403,,,,,0
2014-02-22,11404,,,,,0
2014-02-23,11404,,,,,0
2014-02-24,11404,,,,,0
2014-02-25,11404,,,,,0
2014-02-26,11404,,,,,0
2014-02-27,11404,,,,,0
2014-02-28,11404,,,,,0
2014-03-01,11405,,,,,1
2014-03-02,11405,,,,,1
2014-03-03,11405,,,,,1
2014-03-04,11405,,,,,1
2014-03-05,11405,LentStart,Religious,,,1
2014-03-06,11405,,,,,1
2014-03-07,11405,,,,,1
2014-03-08,11406,,,,,1
2014-03-09,11406,,,,,1
2014-03-10,11406,,,,,1
2014-03-11,11406,,,,,0
2014-03-12,11406,LentWeek2,Religious,,,0
2014-03-13,11406,,,,,0
2014-03-14,11406,,,,,0
2014-03-15,11407,,,,,0
2014-03-16,11407,Purim End,Religious,,,0
2014-03-17,11407,StPatricksDay,Cultural,,,0
2014-03-18,11407,,,,,0
2014-03-19,11407,,,,,0
2014-03-20,11407,,,,,0
2014-03-21,11407,,,,,0
2014-03-22,11408,,,,,0
2014-03-23,11408,,,,,0
2014-03-24,11408,,,,,0
2014-03-25,11408,,,,,0
2014-03-26,11408,,,,,0
2014-03-27,11408,,,,,0
2014-03-28,11408,,,,,0
2014-03-29,11409,,,,,0
2014-03-30,11409,,,,,0
2014-03-31,11409,,,,,0
2014-04-01,11409,,,,,1
2014-04-02,11409,,,,,1
2014-04-03,11409,,,,,1
2014-04-04,11409,,,,,1
2014-04-05,11410,,,,,1
2014-04-06,11410,,,,,1
2014-04-07,11410,,,,,1
2014-04-08,11410,,,,,1
2014-04-09,11410,,,,,1
2014-04-10,11410,,,,,1
2014-04-11,11410,,,,,0
2014-04-12,11411,,,,,0
2014-04-13,11411,,,,,0
2014-04-14,11411,,,,,0
2014-04-15,11411,,,,,0
2014-04-16,11411,,,,,0
2014-04-17,11411,,,,,0
2014-04-18,11411,,,,,0
2014-04-19,11412,,,,,0
2014-04-20,11412,Easter,Cultural,OrthodoxEaster,Religious,0
2014-04-21,11412,,,,,0
2014-04-22,11412,Pesach End,Religious,,,0
2014-04-23,11412,,,,,0
2014-04-24,11412,,,,,0
2014-04-25,11412,,,,,0
2014-04-26,11413,,,,,0
2014-04-27,11413,,,,,0
2014-04-28,11413,,,,,0
2014-04-29,11413,,,,,0
2014-04-30,11413,,,,,0
2014-05-01,11413,,,,,1
2014-05-02,11413,,,,,1
2014-05-03,11414,,,,,1
2014-05-04,11414,,,,,1
2014-05-05,11414,Cinco De Mayo,Cultural,,,1
2014-05-06,11414,,,,,1
2014-05-07,11414,,,,,1
2014-05-08,11414,,,,,1
2014-05-09,11414,,,,,1
2014-05-10,11415,,,,,1
2014-05-11,11415,Mother's day,Cultural,,,0
2014-05-12,11415,,,,,0
2014-05-13,11415,,,,,0
2014-05-14,11415,,,,,0
2014-05-15,11415,,,,,0
2014-05-16,11415,,,,,0
2014-05-17,11416,,,,,0
2014-05-18,11416,,,,,0
2014-05-19,11416,,,,,0
2014-05-20,11416,,,,,0
2014-05-21,11416,,,,,0
2014-05-22,11416,,,,,0
2014-05-23,11416,,,,,0
2014-05-24,11417,,,,,0
2014-05-25,11417,,,,,0
2014-05-26,11417,MemorialDay,National,,,0
2014-05-27,11417,,,,,0
2014-05-28,11417,,,,,0
2014-05-29,11417,,,,,0
2014-05-30,11417,,,,,0
2014-05-31,11418,,,,,0
2014-06-01,11418,,,,,1
2014-06-02,11418,,,,,1
2014-06-03,11418,,,,,1
2014-06-04,11418,,,,,1
2014-06-05,11418,NBAFinalsStart,Sporting,,,1
2014-06-06,11418,,,,,1
2014-06-07,11419,,,,,1
2014-06-08,11419,,,,,1
2014-06-09,11419,,,,,1
2014-06-10,11419,,,,,1
2014-06-11,11419,,,,,0
2014-06-12,11419,,,,,0
2014-06-13,11419,,,,,0
2014-06-14,11420,,,,,0
2014-06-15,11420,NBAFinalsEnd,Sporting,Father's day,Cultural,0
2014-06-16,11420,,,,,0
2014-06-17,11420,,,,,0
2014-06-18,11420,,,,,0
2014-06-19,11420,,,,,0
2014-06-20,11420,,,,,0
2014-06-21,11421,,,,,0
2014-06-22,11421,,,,,0
2014-06-23,11421,,,,,0
2014-06-24,11421,,,,,0
2014-06-25,11421,,,,,0
2014-06-26,11421,,,,,0
2014-06-27,11421,,,,,0
2014-06-28,11422,,,,,0
2014-06-29,11422,Ramadan starts,Religious,,,0
2014-06-30,11422,,,,,0
2014-07-01,11422,,,,,1
2014-07-02,11422,,,,,1
2014-07-03,11422,,,,,1
2014-07-04,11422,IndependenceDay,National,,,1
2014-07-05,11423,,,,,1
2014-07-06,11423,,,,,1
2014-07-07,11423,,,,,1
2014-07-08,11423,,,,,1
2014-07-09,11423,,,,,1
2014-07-10,11423,,,,,1
2014-07-11,11423,,,,,0
2014-07-12,11424,,,,,0
2014-07-13,11424,,,,,0
2014-07-14,11424,,,,,0
2014-07-15,11424,,,,,0
2014-07-16,11424,,,,,0
2014-07-17,11424,,,,,0
2014-07-18,11424,,,,,0
2014-07-19,11425,,,,,0
2014-07-20,11425,,,,,0
2014-07-21,11425,,,,,0
2014-07-22,11425,,,,,0
2014-07-23,11425,,,,,0
2014-07-24,11425,,,,,0
2014-07-25,11425,,,,,0
2014-07-26,11426,,,,,0
2014-07-27,11426,,,,,0
2014-07-28,11426,,,,,0
2014-07-29,11426,Eid al-Fitr,Religious,,,0
2014-07-30,11426,,,,,0
2014-07-31,11426,,,,,0
2014-08-01,11426,,,,,1
2014-08-02,11427,,,,,1
2014-08-03,11427,,,,,1
2014-08-04,11427,,,,,1
2014-08-05,11427,,,,,1
2014-08-06,11427,,,,,1
2014-08-07,11427,,,,,1
2014-08-08,11427,,,,,1
2014-08-09,11428,,,,,1
2014-08-10,11428,,,,,1
2014-08-11,11428,,,,,0
2014-08-12,11428,,,,,0
2014-08-13,11428,,,,,0
2014-08-14,11428,,,,,0
2014-08-15,11428,,,,,0
2014-08-16,11429,,,,,0
2014-08-17,11429,,,,,0
2014-08-18,11429,,,,,0
2014-08-19,11429,,,,,0
2014-08-20,11429,,,,,0
2014-08-21,11429,,,,,0
2014-08-22,11429,,,,,0
2014-08-23,11430,,,,,0
2014-08-24,11430,,,,,0
2014-08-25,11430,,,,,0
2014-08-26,11430,,,,,0
2014-08-27,11430,,,,,0
2014-08-28,11430,,,,,0
2014-08-29,11430,,,,,0
2014-08-30,11431,,,,,0
2014-08-31,11431,,,,,0
2014-09-01,11431,LaborDay,National,,,1
2014-09-02,11431,,,,,1
2014-09-03,11431,,,,,1
2014-09-04,11431,,,,,1
2014-09-05,11431,,,,,1
2014-09-06,11432,,,,,1
2014-09-07,11432,,,,,1
2014-09-08,11432,,,,,1
2014-09-09,11432,,,,,1
2014-09-10,11432,,,,,1
2014-09-11,11432,,,,,0
2014-09-12,11432,,,,,0
2014-09-13,11433,,,,,0
2014-09-14,11433,,,,,0
2014-09-15,11433,,,,,0
2014-09-16,11433,,,,,0
2014-09-17,11433,,,,,0
2014-09-18,11433,,,,,0
2014-09-19,11433,,,,,0
2014-09-20,11434,,,,,0
2014-09-21,11434,,,,,0
2014-09-22,11434,,,,,0
2014-09-23,11434,,,,,0
2014-09-24,11434,,,,,0
2014-09-25,11434,,,,,0
2014-09-26,11434,,,,,0
2014-09-27,11435,,,,,0
2014-09-28,11435,,,,,0
2014-09-29,11435,,,,,0
2014-09-30,11435,,,,,0
2014-10-01,11435,,,,,1
2014-10-02,11435,,,,,1
2014-10-03,11435,,,,,1
2014-10-04,11436,EidAlAdha,Religious,,,1
2014-10-05,11436,,,,,1
2014-10-06,11436,,,,,1
2014-10-07,11436,,,,,1
2014-10-08,11436,,,,,1
2014-10-09,11436,,,,,1
2014-10-10,11436,,,,,1
2014-10-11,11437,,,,,0
2014-10-12,11437,,,,,0
2014-10-13,11437,ColumbusDay,National,,,0
2014-10-14,11437,,,,,0
2014-10-15,11437,,,,,0
2014-10-16,11437,,,,,0
2014-10-17,11437,,,,,0
2014-10-18,11438,,,,,0
2014-10-19,11438,,,,,0
2014-10-20,11438,,,,,0
2014-10-21,11438,,,,,0
2014-10-22,11438,,,,,0
2014-10-23,11438,,,,,0
2014-10-24,11438,,,,,0
2014-10-25,11439,,,,,0
2014-10-26,11439,,,,,0
2014-10-27,11439,,,,,0
2014-10-28,11439,,,,,0
2014-10-29,11439,,,,,0
2014-10-30,11439,,,,,0
2014-10-31,11439,Halloween,Cultural,,,0
2014-11-01,11440,,,,,1
2014-11-02,11440,,,,,1
2014-11-03,11440,,,,,1
2014-11-04,11440,,,,,1
2014-11-05,11440,,,,,1
2014-11-06,11440,,,,,1
2014-11-07,11440,,,,,1
2014-11-08,11441,,,,,1
2014-11-09,11441,,,,,1
2014-11-10,11441,,,,,1
2014-11-11,11441,VeteransDay,National,,,0
2014-11-12,11441,,,,,0
2014-11-13,11441,,,,,0
2014-11-14,11441,,,,,0
2014-11-15,11442,,,,,0
2014-11-16,11442,,,,,0
2014-11-17,11442,,,,,0
2014-11-18,11442,,,,,0
2014-11-19,11442,,,,,0
2014-11-20,11442,,,,,0
2014-11-21,11442,,,,,0
2014-11-22,11443,,,,,0
2014-11-23,11443,,,,,0
2014-11-24,11443,,,,,0
2014-11-25,11443,,,,,0
2014-11-26,11443,,,,,0
2014-11-27,11443,Thanksgiving,National,,,0
2014-11-28,11443,,,,,0
2014-11-29,11444,,,,,0
2014-11-30,11444,,,,,0
2014-12-01,11444,,,,,1
2014-12-02,11444,,,,,1
2014-12-03,11444,,,,,1
2014-12-04,11444,,,,,1
2014-12-05,11444,,,,,1
2014-12-06,11445,,,,,1
2014-12-07,11445,,,,,1
2014-12-08,11445,,,,,1
2014-12-09,11445,,,,,1
2014-12-10,11445,,,,,1
2014-12-11,11445,,,,,0
2014-12-12,11445,,,,,0
2014-12-13,11446,,,,,0
2014-12-14,11446,,,,,0
2014-12-15,11446,,,,,0
2014-12-16,11446,,,,,0
2014-12-17,11446,,,,,0
2014-12-18,11446,,,,,0
2014-12-19,11446,,,,,0
2014-12-20,11447,,,,,0
2014-12-21,11447,,,,,0
2014-12-22,11447,,,,,0
2014-12-23,11447,,,,,0
2014-12-24,11447,Chanukah End,Religious,,,0
2014-12-25,11447,Christmas,National,,,0
2014-12-26,11447,,,,,0
2014-12-27,11448,,,,,0
2014-12-28,11448,,,,,0
2014-12-29,11448,,,,,0
2014-12-30,11448,,,,,0
2014-12-31,11448,,,,,0
2015-01-01,11448,NewYear,National,,,1
2015-01-02,11448,,,,,1
2015-01-03,11449,,,,,1
2015-01-04,11449,,,,,1
2015-01-05,11449,,,,,1
2015-01-06,11449,,,,,1
2015-01-07,11449,OrthodoxChristmas,Religious,,,1
2015-01-08,11449,,,,,1
2015-01-09,11449,,,,,1
2015-01-10,11450,,,,,1
2015-01-11,11450,,,,,0
2015-01-12,11450,,,,,0
2015-01-13,11450,,,,,0
2015-01-14,11450,,,,,0
2015-01-15,11450,,,,,0
2015-01-16,11450,,,,,0
2015-01-17,11451,,,,,0
2015-01-18,11451,,,,,0
2015-01-19,11451,MartinLutherKingDay,National,,,0
2015-01-20,11451,,,,,0
2015-01-21,11451,,,,,0
2015-01-22,11451,,,,,0
2015-01-23,11451,,,,,0
2015-01-24,11452,,,,,0
2015-01-25,11452,,,,,0
2015-01-26,11452,,,,,0
2015-01-27,11452,,,,,0
2015-01-28,11452,,,,,0
2015-01-29,11452,,,,,0
2015-01-30,11452,,,,,0
2015-01-31,11501,,,,,0
2015-02-01,11501,SuperBowl,Sporting,,,1
2015-02-02,11501,,,,,1
2015-02-03,11501,,,,,1
2015-02-04,11501,,,,,1
2015-02-05,11501,,,,,1
2015-02-06,11501,,,,,1
2015-02-07,11502,,,,,1
2015-02-08,11502,,,,,1
2015-02-09,11502,,,,,1
2015-02-10,11502,,,,,1
2015-02-11,11502,,,,,0
2015-02-12,11502,,,,,0
2015-02-13,11502,,,,,0
2015-02-14,11503,ValentinesDay,Cultural,,,0
2015-02-15,11503,,,,,0
2015-02-16,11503,PresidentsDay,National,,,0
2015-02-17,11503,,,,,0
2015-02-18,11503,LentStart,Religious,,,0
2015-02-19,11503,,,,,0
2015-02-20,11503,,,,,0
2015-02-21,11504,,,,,0
2015-02-22,11504,,,,,0
2015-02-23,11504,,,,,0
2015-02-24,11504,,,,,0
2015-02-25,11504,LentWeek2,Religious,,,0
2015-02-26,11504,,,,,0
2015-02-27,11504,,,,,0
2015-02-28,11505,,,,,0
2015-03-01,11505,,,,,1
2015-03-02,11505,,,,,1
2015-03-03,11505,,,,,1
2015-03-04,11505,,,,,1
2015-03-05,11505,Purim End,Religious,,,1
2015-03-06,11505,,,,,1
2015-03-07,11506,,,,,1
2015-03-08,11506,,,,,1
2015-03-09,11506,,,,,1
2015-03-10,11506,,,,,1
2015-03-11,11506,,,,,0
2015-03-12,11506,,,,,0
2015-03-13,11506,,,,,0
2015-03-14,11507,,,,,0
2015-03-15,11507,,,,,0
2015-03-16,11507,,,,,0
2015-03-17,11507,StPatricksDay,Cultural,,,0
2015-03-18,11507,,,,,0
2015-03-19,11507,,,,,0
2015-03-20,11507,,,,,0
2015-03-21,11508,,,,,0
2015-03-22,11508,,,,,0
2015-03-23,11508,,,,,0
2015-03-24,11508,,,,,0
2015-03-25,11508,,,,,0
2015-03-26,11508,,,,,0
2015-03-27,11508,,,,,0
2015-03-28,11509,,,,,0
2015-03-29,11509,,,,,0
2015-03-30,11509,,,,,0
2015-03-31,11509,,,,,0
2015-04-01,11509,,,,,1
2015-04-02,11509,,,,,1
2015-04-03,11509,,,,,1
2015-04-04,11510,,,,,1
2015-04-05,11510,Easter,Cultural,,,1
2015-04-06,11510,,,,,1
2015-04-07,11510,,,,,1
2015-04-08,11510,,,,,1
2015-04-09,11510,,,,,1
2015-04-10,11510,,,,,1
2015-04-11,11511,Pesach End,Religious,,,0
2015-04-12,11511,OrthodoxEaster,Religious,,,0
2015-04-13,11511,,,,,0
2015-04-14,11511,,,,,0
2015-04-15,11511,,,,,0
2015-04-16,11511,,,,,0
2015-04-17,11511,,,,,0
2015-04-18,11512,,,,,0
2015-04-19,11512,,,,,0
2015-04-20,11512,,,,,0
2015-04-21,11512,,,,,0
2015-04-22,11512,,,,,0
2015-04-23,11512,,,,,0
2015-04-24,11512,,,,,0
2015-04-25,11513,,,,,0
2015-04-26,11513,,,,,0
2015-04-27,11513,,,,,0
2015-04-28,11513,,,,,0
2015-04-29,11513,,,,,0
2015-04-30,11513,,,,,0
2015-05-01,11513,,,,,1
2015-05-02,11514,,,,,1
2015-05-03,11514,,,,,1
2015-05-04,11514,,,,,1
2015-05-05,11514,Cinco De Mayo,Cultural,,,1
2015-05-06,11514,,,,,1
2015-05-07,11514,,,,,1
2015-05-08,11514,,,,,1
2015-05-09,11515,,,,,1
2015-05-10,11515,Mother's day,Cultural,,,1
2015-05-11,11515,,,,,0
2015-05-12,11515,,,,,0
2015-05-13,11515,,,,,0
2015-05-14,11515,,,,,0
2015-05-15,11515,,,,,0
2015-05-16,11516,,,,,0
2015-05-17,11516,,,,,0
2015-05-18,11516,,,,,0
2015-05-19,11516,,,,,0
2015-05-20,11516,,,,,0
2015-05-21,11516,,,,,0
2015-05-22,11516,,,,,0
2015-05-23,11517,,,,,0
2015-05-24,11517,,,,,0
2015-05-25,11517,MemorialDay,National,,,0
2015-05-26,11517,,,,,0
2015-05-27,11517,,,,,0
2015-05-28,11517,,,,,0
2015-05-29,11517,,,,,0
2015-05-30,11518,,,,,0
2015-05-31,11518,,,,,0
2015-06-01,11518,,,,,1
2015-06-02,11518,,,,,1
2015-06-03,11518,,,,,1
2015-06-04,11518,NBAFinalsStart,Sporting,,,1
2015-06-05,11518,,,,,1
2015-06-06,11519,,,,,1
2015-06-07,11519,,,,,1
2015-06-08,11519,,,,,1
2015-06-09,11519,,,,,1
2015-06-10,11519,,,,,1
2015-06-11,11519,,,,,0
2015-06-12,11519,,,,,0
2015-06-13,11520,,,,,0
2015-06-14,11520,,,,,0
2015-06-15,11520,,,,,0
2015-06-16,11520,NBAFinalsEnd,Sporting,,,0
2015-06-17,11520,,,,,0
2015-06-18,11520,Ramadan starts,Religious,,,0
2015-06-19,11520,,,,,0
2015-06-20,11521,,,,,0
2015-06-21,11521,Father's day,Cultural,,,0
2015-06-22,11521,,,,,0
2015-06-23,11521,,,,,0
2015-06-24,11521,,,,,0
2015-06-25,11521,,,,,0
2015-06-26,11521,,,,,0
2015-06-27,11522,,,,,0
2015-06-28,11522,,,,,0
2015-06-29,11522,,,,,0
2015-06-30,11522,,,,,0
2015-07-01,11522,,,,,1
2015-07-02,11522,,,,,1
2015-07-03,11522,,,,,1
2015-07-04,11523,IndependenceDay,National,,,1
2015-07-05,11523,,,,,1
2015-07-06,11523,,,,,1
2015-07-07,11523,,,,,1
2015-07-08,11523,,,,,1
2015-07-09,11523,,,,,1
2015-07-10,11523,,,,,1
2015-07-11,11524,,,,,0
2015-07-12,11524,,,,,0
2015-07-13,11524,,,,,0
2015-07-14,11524,,,,,0
2015-07-15,11524,,,,,0
2015-07-16,11524,,,,,0
2015-07-17,11524,,,,,0
2015-07-18,11525,Eid al-Fitr,Religious,,,0
2015-07-19,11525,,,,,0
2015-07-20,11525,,,,,0
2015-07-21,11525,,,,,0
2015-07-22,11525,,,,,0
2015-07-23,11525,,,,,0
2015-07-24,11525,,,,,0
2015-07-25,11526,,,,,0
2015-07-26,11526,,,,,0
2015-07-27,11526,,,,,0
2015-07-28,11526,,,,,0
2015-07-29,11526,,,,,0
2015-07-30,11526,,,,,0
2015-07-31,11526,,,,,0
2015-08-01,11527,,,,,1
2015-08-02,11527,,,,,1
2015-08-03,11527,,,,,1
2015-08-04,11527,,,,,1
2015-08-05,11527,,,,,1
2015-08-06,11527,,,,,1
2015-08-07,11527,,,,,1
2015-08-08,11528,,,,,1
2015-08-09,11528,,,,,1
2015-08-10,11528,,,,,1
2015-08-11,11528,,,,,0
2015-08-12,11528,,,,,0
2015-08-13,11528,,,,,0
2015-08-14,11528,,,,,0
2015-08-15,11529,,,,,0
2015-08-16,11529,,,,,0
2015-08-17,11529,,,,,0
2015-08-18,11529,,,,,0
2015-08-19,11529,,,,,0
2015-08-20,11529,,,,,0
2015-08-21,11529,,,,,0
2015-08-22,11530,,,,,0
2015-08-23,11530,,,,,0
2015-08-24,11530,,,,,0
2015-08-25,11530,,,,,0
2015-08-26,11530,,,,,0
2015-08-27,11530,,,,,0
2015-08-28,11530,,,,,0
2015-08-29,11531,,,,,0
2015-08-30,11531,,,,,0
2015-08-31,11531,,,,,0
2015-09-01,11531,,,,,1
2015-09-02,11531,,,,,1
2015-09-03,11531,,,,,1
2015-09-04,11531,,,,,1
2015-09-05,11532,,,,,1
2015-09-06,11532,,,,,1
2015-09-07,11532,LaborDay,National,,,1
2015-09-08,11532,,,,,1
2015-09-09,11532,,,,,1
2015-09-10,11532,,,,,1
2015-09-11,11532,,,,,0
2015-09-12,11533,,,,,0
2015-09-13,11533,,,,,0
2015-09-14,11533,,,,,0
2015-09-15,11533,,,,,0
2015-09-16,11533,,,,,0
2015-09-17,11533,,,,,0
2015-09-18,11533,,,,,0
2015-09-19,11534,,,,,0
2015-09-20,11534,,,,,0
2015-09-21,11534,,,,,0
2015-09-22,11534,,,,,0
2015-09-23,11534,,,,,0
2015-09-24,11534,EidAlAdha,Religious,,,0
2015-09-25,11534,,,,,0
2015-09-26,11535,,,,,0
2015-09-27,11535,,,,,0
2015-09-28,11535,,,,,0
2015-09-29,11535,,,,,0
2015-09-30,11535,,,,,0
2015-10-01,11535,,,,,1
2015-10-02,11535,,,,,1
2015-10-03,11536,,,,,1
2015-10-04,11536,,,,,1
2015-10-05,11536,,,,,1
2015-10-06,11536,,,,,1
2015-10-07,11536,,,,,1
2015-10-08,11536,,,,,1
2015-10-09,11536,,,,,1
2015-10-10,11537,,,,,1
2015-10-11,11537,,,,,0
2015-10-12,11537,ColumbusDay,National,,,0
2015-10-13,11537,,,,,0
2015-10-14,11537,,,,,0
2015-10-15,11537,,,,,0
2015-10-16,11537,,,,,0
2015-10-17,11538,,,,,0
2015-10-18,11538,,,,,0
2015-10-19,11538,,,,,0
2015-10-20,11538,,,,,0
2015-10-21,11538,,,,,0
2015-10-22,11538,,,,,0
2015-10-23,11538,,,,,0
2015-10-24,11539,,,,,0
2015-10-25,11539,,,,,0
2015-10-26,11539,,,,,0
2015-10-27,11539,,,,,0
2015-10-28,11539,,,,,0
2015-10-29,11539,,,,,0
2015-10-30,11539,,,,,0
2015-10-31,11540,Halloween,Cultural,,,0
2015-11-01,11540,,,,,1
2015-11-02,11540,,,,,1
2015-11-03,11540,,,,,1
2015-11-04,11540,,,,,1
2015-11-05,11540,,,,,1
2015-11-06,11540,,,,,1
2015-11-07,11541,,,,,1
2015-11-08,11541,,,,,1
2015-11-09,11541,,,,,1
2015-11-10,11541,,,,,1
2015-11-11,11541,VeteransDay,National,,,0
2015-11-12,11541,,,,,0
2015-11-13,11541,,,,,0
2015-11-14,11542,,,,,0
2015-11-15,11542,,,,,0
2015-11-16,11542,,,,,0
2015-11-17,11542,,,,,0
2015-11-18,11542,,,,,0
2015-11-19,11542,,,,,0
2015-11-20,11542,,,,,0
2015-11-21,11543,,,,,0
2015-11-22,11543,,,,,0
2015-11-23,11543,,,,,0
2015-11-24,11543,,,,,0
2015-11-25,11543,,,,,0
2015-11-26,11543,Thanksgiving,National,,,0
2015-11-27,11543,,,,,0
2015-11-28,11544,,,,,0
2015-11-29,11544,,,,,0
2015-11-30,11544,,,,,0
2015-12-01,11544,,,,,1
2015-12-02,11544,,,,,1
2015-12-03,11544,,,,,1
2015-12-04,11544,,,,,1
2015-12-05,11545,,,,,1
2015-12-06,11545,,,,,1
2015-12-07,11545,,,,,1
2015-12-08,11545,,,,,1
2015-12-09,11545,,,,,1
2015-12-10,11545,,,,,1
2015-12-11,11545,,,,,0
2015-12-12,11546,,,,,0
2015-12-13,11546,,,,,0
2015-12-14,11546,Chanukah End,Religious,,,0
2015-12-15,11546,,,,,0
2015-12-16,11546,,,,,0
2015-12-17,11546,,,,,0
2015-12-18,11546,,,,,0
2015-12-19,11547,,,,,0
2015-12-20,11547,,,,,0
2015-12-21,11547,,,,,0
2015-12-22,11547,,,,,0
2015-12-23,11547,,,,,0
2015-12-24,11547,,,,,0
2015-12-25,11547,Christmas,National,,,0
2015-12-26,11548,,,,,0
2015-12-27,11548,,,,,0
2015-12-28,11548,,,,,0
2015-12-29,11548,,,,,0
2015-12-30,11548,,,,,0
2015-12-31,11548,,,,,0
2016-01-01,11548,NewYear,National,,,1
2016-01-02,11549,,,,,1
2016-01-03,11549,,,,,1
2016-01-04,11549,,,,,1
2016-01-05,11549,,,,,1
2016-01-06,11549,,,,,1
2016-01-07,11549,OrthodoxChristmas,Religious,,,1
2016-01-08,11549,,,,,1
2016-01-09,11550,,,,,1
2016-01-10,11550,,,,,1
2016-01-11,11550,,,,,0
2016-01-12,11550,,,,,0
2016-01-13,11550,,,,,0
2016-01-14,11550,,,,,0
2016-01-15,11550,,,,,0
2016-01-16,11551,,,,,0
2016-01-17,11551,,,,,0
2016-01-18,11551,MartinLutherKingDay,National,,,0
2016-01-19,11551,,,,,0
2016-01-20,11551,,,,,0
2016-01-21,11551,,,,,0
2016-01-22,11551,,,,,0
2016-01-23,11552,,,,,0
2016-01-24,11552,,,,,0
2016-01-25,11552,,,,,0
2016-01-26,11552,,,,,0
2016-01-27,11552,,,,,0
2016-01-28,11552,,,,,0
2016-01-29,11552,,,,,0
2016-01-30,11601,,,,,0
2016-01-31,11601,,,,,0
2016-02-01,11601,,,,,1
2016-02-02,11601,,,,,1
2016-02-03,11601,,,,,1
2016-02-04,11601,,,,,1
2016-02-05,11601,,,,,1
2016-02-06,11602,,,,,1
2016-02-07,11602,SuperBowl,Sporting,,,1
2016-02-08,11602,,,,,1
2016-02-09,11602,,,,,1
2016-02-10,11602,LentStart,Religious,,,1
2016-02-11,11602,,,,,0
2016-02-12,11602,,,,,0
2016-02-13,11603,,,,,0
2016-02-14,11603,ValentinesDay,Cultural,,,0
2016-02-15,11603,PresidentsDay,National,,,0
2016-02-16,11603,,,,,0
2016-02-17,11603,LentWeek2,Religious,,,0
2016-02-18,11603,,,,,0
2016-02-19,11603,,,,,0
2016-02-20,11604,,,,,0
2016-02-21,11604,,,,,0
2016-02-22,11604,,,,,0
2016-02-23,11604,,,,,0
2016-02-24,11604,,,,,0
2016-02-25,11604,,,,,0
2016-02-26,11604,,,,,0
2016-02-27,11605,,,,,0
2016-02-28,11605,,,,,0
2016-02-29,11605,,,,,0
2016-03-01,11605,,,,,1
2016-03-02,11605,,,,,1
2016-03-03,11605,,,,,1
2016-03-04,11605,,,,,1
2016-03-05,11606,,,,,1
2016-03-06,11606,,,,,1
2016-03-07,11606,,,,,1
2016-03-08,11606,,,,,1
2016-03-09,11606,,,,,1
2016-03-10,11606,,,,,1
2016-03-11,11606,,,,,0
2016-03-12,11607,,,,,0
2016-03-13,11607,,,,,0
2016-03-14,11607,,,,,0
2016-03-15,11607,,,,,0
2016-03-16,11607,,,,,0
2016-03-17,11607,StPatricksDay,Cultural,,,0
2016-03-18,11607,,,,,0
2016-03-19,11608,,,,,0
2016-03-20,11608,,,,,0
2016-03-21,11608,,,,,0
2016-03-22,11608,,,,,0
2016-03-23,11608,,,,,0
2016-03-24,11608,Purim End,Religious,,,0
2016-03-25,11608,,,,,0
2016-03-26,11609,,,,,0
2016-03-27,11609,Easter,Cultural,,,0
2016-03-28,11609,,,,,0
2016-03-29,11609,,,,,0
2016-03-30,11609,,,,,0
2016-03-31,11609,,,,,0
